n_hidden,n_layers,dropout,lr,bottleneck,train loss,train accuracy,val loss,val accuracy
128,1,0.5,0.01,False,0.4315115511417389,0.824454665184021,0.4434831142425537,0.8071725368499756
