n_hidden,n_layers,dropout,lr,bottleneck,train loss,train accuracy,val loss,val accuracy
128,4,0,0.01,True,0.3975431025028229,0.824124813079834,0.36919277906417847,0.834319531917572
