n_hidden,n_layers,dropout,lr,bottleneck,train loss,train accuracy,val loss,val accuracy
64,1,0.5,0.01,True,0.47489282488822937,0.7451489567756653,0.48051050305366516,0.7425106763839722
